{
  "n": 100,
  "k": 11,
  "trial": 17,
  "greedy_score": 52.03887368406951,
  "ga_score": 52.095435614797445,
  "gap": 0.05656193072793769,
  "gap_percent": 0.10857367840469993,
  "greedy_indices": [
    6,
    9,
    32,
    34,
    36,
    43,
    44,
    47,
    61,
    65,
    90
  ],
  "ga_indices": [
    2,
    6,
    9,
    14,
    36,
    61,
    65,
    71,
    86,
    90,
    98
  ],
  "timestamp": "2026-02-12T14:52:52.034371"
}