{
  "n": 30,
  "k": 5,
  "trial": 269,
  "greedy_score": 9.459674776576867,
  "ga_score": 9.542906816615924,
  "gap": 0.08323204003905715,
  "gap_percent": 0.8721874963101929,
  "greedy_indices": [
    1,
    7,
    12,
    14,
    20
  ],
  "ga_indices": [
    1,
    7,
    8,
    21,
    28
  ],
  "timestamp": "2026-02-12T14:52:29.835923"
}