{
  "n": 25,
  "k": 8,
  "trial": 1687,
  "greedy_score": 25.793161674618613,
  "ga_score": 26.224045446926198,
  "gap": 0.4308837723075847,
  "gap_percent": 1.6430865831880637,
  "greedy_indices": [
    2,
    3,
    6,
    7,
    10,
    18,
    19,
    20
  ],
  "ga_indices": [
    0,
    2,
    3,
    5,
    10,
    18,
    19,
    21
  ],
  "timestamp": "2026-02-13T20:42:04.308858"
}