{
  "n": 120,
  "k": 10,
  "trial": 76,
  "greedy_score": 42.45340467582545,
  "ga_score": 42.676139502818955,
  "gap": 0.2227348269935021,
  "gap_percent": 0.5219188745476602,
  "greedy_indices": [
    6,
    7,
    53,
    72,
    73,
    83,
    92,
    95,
    114,
    115
  ],
  "ga_indices": [
    5,
    9,
    24,
    52,
    53,
    70,
    72,
    73,
    92,
    99
  ],
  "timestamp": "2026-02-12T14:52:56.998015"
}