{
  "n": 80,
  "k": 12,
  "trial": 14,
  "greedy_score": 62.16399697858022,
  "ga_score": 62.18636416662489,
  "gap": 0.02236718804466875,
  "gap_percent": 0.03596799450235926,
  "greedy_indices": [
    3,
    20,
    23,
    24,
    28,
    29,
    36,
    49,
    51,
    53,
    54,
    63
  ],
  "ga_indices": [
    3,
    16,
    17,
    23,
    24,
    28,
    36,
    49,
    51,
    53,
    54,
    63
  ],
  "timestamp": "2026-02-12T14:52:41.625009"
}