{
  "n": 15,
  "k": 6,
  "trial": 820,
  "greedy_score": 13.762662527508308,
  "ga_score": 14.005198165369618,
  "gap": 0.2425356378613106,
  "gap_percent": 1.7317544171636483,
  "greedy_indices": [
    2,
    3,
    4,
    6,
    8,
    11
  ],
  "ga_indices": [
    2,
    3,
    8,
    10,
    12,
    14
  ],
  "timestamp": "2026-02-13T22:56:05.076034"
}